{
  "input": "data/interim/edge_maxspeed.list",
  "output_dir": "outputs/node2vec/edge_maxspeed",
  "seed": 42,
  "test_ratio": 0.2,
  "negative_samples": 50,
  "workers": 1,
  "min_count": 1,
  "weight_transform": "none",
  "graph_stats": {
    "edge_rows": 8642,
    "nodes": 6749,
    "min_speed": 8.0,
    "max_speed": 100.0,
    "mean_speed": 51.1083082619764,
    "median_speed": 50.0,
    "avg_out_degree": 1.2885045474876995,
    "avg_in_degree": 1.2877365519296677,
    "speed_8": 6,
    "speed_30": 36,
    "speed_50": 8203,
    "speed_70": 252,
    "speed_80": 87,
    "speed_100": 58
  },
  "train_rows": 6914,
  "test_rows": 1728,
  "configs": [
    {
      "name": "d64_wl20_nw10_win5_p1_q1",
      "dimensions": 64,
      "walk_length": 20,
      "num_walks": 10,
      "window": 5,
      "p": 1.0,
      "q": 1.0,
      "auc": 0.7846474395040295,
      "mrr": 0.4351594813420891,
      "hit_at_1": 0.35300925925925924,
      "hit_at_5": 0.49363425925925924,
      "hit_at_10": 0.6354166666666666,
      "positive_mean_cosine": 0.7240289845072699,
      "negative_mean_cosine": 0.5047678213024348,
      "score_margin": 0.21926116320483513,
      "positive_score_speed_corr": -0.04466152894884493
    },
    {
      "name": "d32_wl20_nw10_win5_p1_q1",
      "dimensions": 32,
      "walk_length": 20,
      "num_walks": 10,
      "window": 5,
      "p": 1.0,
      "q": 1.0,
      "auc": 0.7781291259430727,
      "mrr": 0.42882653334100884,
      "hit_at_1": 0.34837962962962965,
      "hit_at_5": 0.484375,
      "hit_at_10": 0.6180555555555556,
      "positive_mean_cosine": 0.7247954477185246,
      "negative_mean_cosine": 0.510578676676852,
      "score_margin": 0.21421677104167258,
      "positive_score_speed_corr": -0.042989110356545
    },
    {
      "name": "d32_wl40_nw10_win5_p1_q1",
      "dimensions": 32,
      "walk_length": 40,
      "num_walks": 10,
      "window": 5,
      "p": 1.0,
      "q": 1.0,
      "auc": 0.7742864060892489,
      "mrr": 0.42629142559049676,
      "hit_at_1": 0.3420138888888889,
      "hit_at_5": 0.48900462962962965,
      "hit_at_10": 0.6221064814814815,
      "positive_mean_cosine": 0.7188210849676074,
      "negative_mean_cosine": 0.5037845329875644,
      "score_margin": 0.215036551980043,
      "positive_score_speed_corr": -0.042523844585724016
    },
    {
      "name": "d16_wl20_nw10_win5_p1_q1",
      "dimensions": 16,
      "walk_length": 20,
      "num_walks": 10,
      "window": 5,
      "p": 1.0,
      "q": 1.0,
      "auc": 0.7722619947059328,
      "mrr": 0.41522829330246264,
      "hit_at_1": 0.3350694444444444,
      "hit_at_5": 0.4664351851851852,
      "hit_at_10": 0.5896990740740741,
      "positive_mean_cosine": 0.7416645792933801,
      "negative_mean_cosine": 0.5294769903391501,
      "score_margin": 0.21218758895423007,
      "positive_score_speed_corr": -0.033574868510760685
    },
    {
      "name": "d16_wl40_nw10_win5_p1_q1",
      "dimensions": 16,
      "walk_length": 40,
      "num_walks": 10,
      "window": 5,
      "p": 1.0,
      "q": 1.0,
      "auc": 0.7640636520490398,
      "mrr": 0.41418982022767714,
      "hit_at_1": 0.3315972222222222,
      "hit_at_5": 0.4704861111111111,
      "hit_at_10": 0.5966435185185185,
      "positive_mean_cosine": 0.7337453398051568,
      "negative_mean_cosine": 0.524323465131995,
      "score_margin": 0.20942187467316176,
      "positive_score_speed_corr": -0.03360388998695001
    },
    {
      "name": "d32_wl40_nw20_win10_p0.5_q2",
      "dimensions": 32,
      "walk_length": 40,
      "num_walks": 20,
      "window": 10,
      "p": 0.5,
      "q": 2.0,
      "auc": 0.732798454378858,
      "mrr": 0.4304763279096598,
      "hit_at_1": 0.35648148148148145,
      "hit_at_5": 0.47974537037037035,
      "hit_at_10": 0.5711805555555556,
      "positive_mean_cosine": 0.6421311220835412,
      "negative_mean_cosine": 0.43481237997487404,
      "score_margin": 0.20731874210866713,
      "positive_score_speed_corr": -0.09479885452598709
    },
    {
      "name": "d64_wl40_nw20_win10_p1_q1",
      "dimensions": 64,
      "walk_length": 40,
      "num_walks": 20,
      "window": 10,
      "p": 1.0,
      "q": 1.0,
      "auc": 0.7263827669538752,
      "mrr": 0.439702108282166,
      "hit_at_1": 0.36689814814814814,
      "hit_at_5": 0.49710648148148145,
      "hit_at_10": 0.5694444444444444,
      "positive_mean_cosine": 0.6314499045515226,
      "negative_mean_cosine": 0.423452447934046,
      "score_margin": 0.2079974566174766,
      "positive_score_speed_corr": -0.09991699589320535
    },
    {
      "name": "d32_wl40_nw20_win10_p1_q1",
      "dimensions": 32,
      "walk_length": 40,
      "num_walks": 20,
      "window": 10,
      "p": 1.0,
      "q": 1.0,
      "auc": 0.7250140858088991,
      "mrr": 0.43467566990536294,
      "hit_at_1": 0.36574074074074076,
      "hit_at_5": 0.4832175925925926,
      "hit_at_10": 0.5665509259259259,
      "positive_mean_cosine": 0.6401861773898687,
      "negative_mean_cosine": 0.4346937282137137,
      "score_margin": 0.205492449176155,
      "positive_score_speed_corr": -0.09758943240892462
    },
    {
      "name": "d32_wl40_nw20_win10_p2_q0.5",
      "dimensions": 32,
      "walk_length": 40,
      "num_walks": 20,
      "window": 10,
      "p": 2.0,
      "q": 0.5,
      "auc": 0.7246983841842422,
      "mrr": 0.4305734348841399,
      "hit_at_1": 0.3599537037037037,
      "hit_at_5": 0.4809027777777778,
      "hit_at_10": 0.5561342592592593,
      "positive_mean_cosine": 0.6415766105831912,
      "negative_mean_cosine": 0.43552087183739924,
      "score_margin": 0.20605573874579192,
      "positive_score_speed_corr": -0.10441329202521257
    }
  ]
}