{
  "y_true": [
    0,
    1,
    1,
    0,
    0,
    1,
    1,
    1,
    1,
    1,
    1,
    0,
    1,
    1,
    1,
    1,
    0,
    1,
    1,
    1,
    1,
    1,
    0,
    1,
    0,
    1,
    1,
    1,
    1,
    0,
    1,
    0,
    0
  ],
  "y_pred": [
    0,
    1,
    1,
    0,
    0,
    1,
    1,
    1,
    1,
    1,
    1,
    0,
    1,
    1,
    1,
    1,
    0,
    1,
    1,
    1,
    1,
    1,
    0,
    1,
    0,
    1,
    1,
    1,
    1,
    0,
    1,
    0,
    0
  ],
  "y_prob1": [
    0.004381105303764343,
    0.9999997615814209,
    0.9990448355674744,
    0.0001849007239798084,
    0.00028758522239513695,
    0.9999996423721313,
    0.999947190284729,
    0.9999834299087524,
    0.9999860525131226,
    1.0,
    0.9999760389328003,
    0.00013610924361273646,
    0.9999998807907104,
    0.8012869954109192,
    1.0,
    0.9994693398475647,
    0.09384568780660629,
    0.9968254566192627,
    0.6836506128311157,
    0.9975264668464661,
    1.0,
    0.9999997615814209,
    0.000495732412673533,
    0.9996063113212585,
    0.001332744024693966,
    0.9999685287475586,
    0.9999951124191284,
    0.9999998807907104,
    0.9890007972717285,
    0.00047023172373883426,
    0.9985923171043396,
    0.00011789154086727649,
    4.038791303173639e-05
  ]
}