{
  "input": "data/interim/edge_time.list",
  "output_dir": "outputs/node2vec/edge_time",
  "seed": 42,
  "test_ratio": 0.2,
  "negative_samples": 50,
  "workers": 1,
  "min_count": 1,
  "weight_transform": "none",
  "graph_stats": {
    "edge_rows": 8642,
    "nodes": 6749,
    "min_time": 0.02722055650005205,
    "max_time": 23.08644198166879,
    "mean_time": 1.1132244308737476,
    "median_time": 0.5997236300414625,
    "p95_time": 3.826312051853966,
    "p99_time": 7.172728228532277,
    "avg_out_degree": 1.2885045474876995,
    "avg_in_degree": 1.2877365519296677
  },
  "train_rows": 6914,
  "test_rows": 1728,
  "configs": [
    {
      "name": "d64_wl20_nw10_win5_p1_q1",
      "dimensions": 64,
      "walk_length": 20,
      "num_walks": 10,
      "window": 5,
      "p": 1.0,
      "q": 1.0,
      "auc": 0.7834016458226166,
      "mrr": 0.42795816270774645,
      "hit_at_1": 0.33912037037037035,
      "hit_at_5": 0.4947916666666667,
      "hit_at_10": 0.6278935185185185,
      "positive_mean_cosine": 0.72332760538147,
      "negative_mean_cosine": 0.5073121852264739,
      "score_margin": 0.21601542015499609,
      "positive_score_time_corr": 0.009875377439789225
    },
    {
      "name": "d32_wl20_nw10_win5_p1_q1",
      "dimensions": 32,
      "walk_length": 20,
      "num_walks": 10,
      "window": 5,
      "p": 1.0,
      "q": 1.0,
      "auc": 0.7780972570516118,
      "mrr": 0.4191017255815286,
      "hit_at_1": 0.33564814814814814,
      "hit_at_5": 0.4826388888888889,
      "hit_at_10": 0.6226851851851852,
      "positive_mean_cosine": 0.7262766957714187,
      "negative_mean_cosine": 0.5133373447299797,
      "score_margin": 0.21293935104143902,
      "positive_score_time_corr": 0.011678843430762318
    },
    {
      "name": "d32_wl40_nw10_win5_p1_q1",
      "dimensions": 32,
      "walk_length": 40,
      "num_walks": 10,
      "window": 5,
      "p": 1.0,
      "q": 1.0,
      "auc": 0.7656892200360083,
      "mrr": 0.41998477820480506,
      "hit_at_1": 0.33391203703703703,
      "hit_at_5": 0.47974537037037035,
      "hit_at_10": 0.6018518518518519,
      "positive_mean_cosine": 0.7155726427531421,
      "negative_mean_cosine": 0.5065566751492184,
      "score_margin": 0.2090159676039237,
      "positive_score_time_corr": 0.0020489092023982776
    },
    {
      "name": "d16_wl20_nw10_win5_p1_q1",
      "dimensions": 16,
      "walk_length": 20,
      "num_walks": 10,
      "window": 5,
      "p": 1.0,
      "q": 1.0,
      "auc": 0.7593136533886317,
      "mrr": 0.3988309930453602,
      "hit_at_1": 0.31828703703703703,
      "hit_at_5": 0.4513888888888889,
      "hit_at_10": 0.5671296296296297,
      "positive_mean_cosine": 0.7342298705070452,
      "negative_mean_cosine": 0.5319812445620429,
      "score_margin": 0.20224862594500237,
      "positive_score_time_corr": 0.007058211899935158
    },
    {
      "name": "d16_wl40_nw10_win5_p1_q1",
      "dimensions": 16,
      "walk_length": 40,
      "num_walks": 10,
      "window": 5,
      "p": 1.0,
      "q": 1.0,
      "auc": 0.7545718530306927,
      "mrr": 0.40310531343627837,
      "hit_at_1": 0.32349537037037035,
      "hit_at_5": 0.4565972222222222,
      "hit_at_10": 0.5648148148148148,
      "positive_mean_cosine": 0.7285099060110817,
      "negative_mean_cosine": 0.5268099597774778,
      "score_margin": 0.20169994623360388,
      "positive_score_time_corr": -0.005855021144943631
    },
    {
      "name": "d32_wl40_nw20_win10_p1_q1",
      "dimensions": 32,
      "walk_length": 40,
      "num_walks": 20,
      "window": 10,
      "p": 1.0,
      "q": 1.0,
      "auc": 0.73377570676869,
      "mrr": 0.4248499009571429,
      "hit_at_1": 0.35127314814814814,
      "hit_at_5": 0.4826388888888889,
      "hit_at_10": 0.5659722222222222,
      "positive_mean_cosine": 0.6436027442191348,
      "negative_mean_cosine": 0.4362433736485481,
      "score_margin": 0.20735937057058668,
      "positive_score_time_corr": -0.0021860384627784145
    },
    {
      "name": "d64_wl40_nw20_win10_p1_q1",
      "dimensions": 64,
      "walk_length": 40,
      "num_walks": 20,
      "window": 10,
      "p": 1.0,
      "q": 1.0,
      "auc": 0.7301646559392146,
      "mrr": 0.43621786476431723,
      "hit_at_1": 0.3611111111111111,
      "hit_at_5": 0.4988425925925926,
      "hit_at_10": 0.5706018518518519,
      "positive_mean_cosine": 0.6327325498870643,
      "negative_mean_cosine": 0.4246892550676259,
      "score_margin": 0.2080432948194384,
      "positive_score_time_corr": 0.0006885822361156189
    },
    {
      "name": "d32_wl40_nw20_win10_p2_q0.5",
      "dimensions": 32,
      "walk_length": 40,
      "num_walks": 20,
      "window": 10,
      "p": 2.0,
      "q": 0.5,
      "auc": 0.7287631949802812,
      "mrr": 0.43508817845760683,
      "hit_at_1": 0.36400462962962965,
      "hit_at_5": 0.4895833333333333,
      "hit_at_10": 0.5677083333333334,
      "positive_mean_cosine": 0.6432219078795041,
      "negative_mean_cosine": 0.43586565215772244,
      "score_margin": 0.20735625572178162,
      "positive_score_time_corr": -0.0030461528860044607
    },
    {
      "name": "d32_wl40_nw20_win10_p0.5_q2",
      "dimensions": 32,
      "walk_length": 40,
      "num_walks": 20,
      "window": 10,
      "p": 0.5,
      "q": 2.0,
      "auc": 0.7276605902777777,
      "mrr": 0.426799053494322,
      "hit_at_1": 0.35358796296296297,
      "hit_at_5": 0.4832175925925926,
      "hit_at_10": 0.5659722222222222,
      "positive_mean_cosine": 0.6367291883022214,
      "negative_mean_cosine": 0.4347277005867821,
      "score_margin": 0.20200148771543924,
      "positive_score_time_corr": -0.009429765543994398
    }
  ]
}