{
  "selection_metric_priority": [
    "auc",
    "mrr",
    "hit_at_10",
    "score_margin"
  ],
  "weight_transform": "abs-epsilon",
  "best_result": {
    "name": "d32_wl40_nw10_win5_p1_q1",
    "dimensions": 32,
    "walk_length": 40,
    "num_walks": 10,
    "window": 5,
    "p": 1.0,
    "q": 1.0,
    "auc": 0.7800208306541495,
    "mrr": 0.43678332785564833,
    "hit_at_1": 0.35358796296296297,
    "hit_at_5": 0.49189814814814814,
    "hit_at_10": 0.6134259259259259,
    "positive_mean_cosine": 0.7197092659189366,
    "negative_mean_cosine": 0.5019732015748094,
    "score_margin": 0.21773606434412718,
    "positive_score_ref_corr": -0.01758145568255583
  },
  "graph_stats": {
    "edge_rows": 8642,
    "nodes": 6749,
    "min_ref": 0.0,
    "max_ref": 6.0,
    "mean_ref": 0.15748669289516315,
    "mean_transformed_ref": 0.15848669289516315,
    "zero_ref_edges": 8188,
    "ref_1": 218,
    "ref_3": 52,
    "ref_5": 117,
    "ref_6": 67,
    "avg_out_degree": 1.2885045474876995,
    "avg_in_degree": 1.2877365519296677
  },
  "train_rows": 6914,
  "test_rows": 1728
}