{
  "input": "data/interim/edge_ref.list",
  "output_dir": "outputs/node2vec/edge_ref",
  "seed": 42,
  "test_ratio": 0.2,
  "negative_samples": 50,
  "workers": 1,
  "min_count": 1,
  "weight_transform": "abs-epsilon",
  "graph_stats": {
    "edge_rows": 8642,
    "nodes": 6749,
    "min_ref": 0.0,
    "max_ref": 6.0,
    "mean_ref": 0.15748669289516315,
    "mean_transformed_ref": 0.15848669289516315,
    "zero_ref_edges": 8188,
    "ref_1": 218,
    "ref_3": 52,
    "ref_5": 117,
    "ref_6": 67,
    "avg_out_degree": 1.2885045474876995,
    "avg_in_degree": 1.2877365519296677
  },
  "train_rows": 6914,
  "test_rows": 1728,
  "configs": [
    {
      "name": "d32_wl40_nw10_win5_p1_q1",
      "dimensions": 32,
      "walk_length": 40,
      "num_walks": 10,
      "window": 5,
      "p": 1.0,
      "q": 1.0,
      "auc": 0.7800208306541495,
      "mrr": 0.43678332785564833,
      "hit_at_1": 0.35358796296296297,
      "hit_at_5": 0.49189814814814814,
      "hit_at_10": 0.6134259259259259,
      "positive_mean_cosine": 0.7197092659189366,
      "negative_mean_cosine": 0.5019732015748094,
      "score_margin": 0.21773606434412718,
      "positive_score_ref_corr": -0.01758145568255583
    },
    {
      "name": "d64_wl20_nw10_win5_p1_q1",
      "dimensions": 64,
      "walk_length": 20,
      "num_walks": 10,
      "window": 5,
      "p": 1.0,
      "q": 1.0,
      "auc": 0.7796013307506001,
      "mrr": 0.426773666497411,
      "hit_at_1": 0.33796296296296297,
      "hit_at_5": 0.4947916666666667,
      "hit_at_10": 0.6331018518518519,
      "positive_mean_cosine": 0.7204189368467605,
      "negative_mean_cosine": 0.5039656101870652,
      "score_margin": 0.2164533266596953,
      "positive_score_ref_corr": -0.016527704812624958
    },
    {
      "name": "d32_wl20_nw10_win5_p1_q1",
      "dimensions": 32,
      "walk_length": 20,
      "num_walks": 10,
      "window": 5,
      "p": 1.0,
      "q": 1.0,
      "auc": 0.7718458303862311,
      "mrr": 0.42509259894796153,
      "hit_at_1": 0.3420138888888889,
      "hit_at_5": 0.4774305555555556,
      "hit_at_10": 0.6151620370370371,
      "positive_mean_cosine": 0.7227654758370826,
      "negative_mean_cosine": 0.5094724921471788,
      "score_margin": 0.2132929836899038,
      "positive_score_ref_corr": -0.018749496680355214
    },
    {
      "name": "d16_wl40_nw10_win5_p1_q1",
      "dimensions": 16,
      "walk_length": 40,
      "num_walks": 10,
      "window": 5,
      "p": 1.0,
      "q": 1.0,
      "auc": 0.7649925250771605,
      "mrr": 0.40687455358989505,
      "hit_at_1": 0.3269675925925926,
      "hit_at_5": 0.4565972222222222,
      "hit_at_10": 0.5844907407407407,
      "positive_mean_cosine": 0.7315807620848149,
      "negative_mean_cosine": 0.5227283417515961,
      "score_margin": 0.20885242033321882,
      "positive_score_ref_corr": -0.007621460303661905
    },
    {
      "name": "d16_wl20_nw10_win5_p1_q1",
      "dimensions": 16,
      "walk_length": 20,
      "num_walks": 10,
      "window": 5,
      "p": 1.0,
      "q": 1.0,
      "auc": 0.7571040836119685,
      "mrr": 0.4012916881958187,
      "hit_at_1": 0.3211805555555556,
      "hit_at_5": 0.4525462962962963,
      "hit_at_10": 0.5688657407407407,
      "positive_mean_cosine": 0.7293304934800189,
      "negative_mean_cosine": 0.5274794044777217,
      "score_margin": 0.2018510890022972,
      "positive_score_ref_corr": -0.012349592435253732
    },
    {
      "name": "d32_wl40_nw20_win10_p2_q0.5",
      "dimensions": 32,
      "walk_length": 40,
      "num_walks": 20,
      "window": 10,
      "p": 2.0,
      "q": 0.5,
      "auc": 0.7400406633123285,
      "mrr": 0.4340130728873974,
      "hit_at_1": 0.36226851851851855,
      "hit_at_5": 0.4826388888888889,
      "hit_at_10": 0.5711805555555556,
      "positive_mean_cosine": 0.6463133169260497,
      "negative_mean_cosine": 0.43310724799368205,
      "score_margin": 0.2132060689323676,
      "positive_score_ref_corr": -0.09090259791670088
    },
    {
      "name": "d32_wl40_nw20_win10_p1_q1",
      "dimensions": 32,
      "walk_length": 40,
      "num_walks": 20,
      "window": 10,
      "p": 1.0,
      "q": 1.0,
      "auc": 0.7300118218985768,
      "mrr": 0.4381816220101869,
      "hit_at_1": 0.36516203703703703,
      "hit_at_5": 0.4930555555555556,
      "hit_at_10": 0.5688657407407407,
      "positive_mean_cosine": 0.6440615755725756,
      "negative_mean_cosine": 0.43457802841661897,
      "score_margin": 0.20948354715595663,
      "positive_score_ref_corr": -0.07902617614606154
    },
    {
      "name": "d64_wl40_nw20_win10_p1_q1",
      "dimensions": 64,
      "walk_length": 40,
      "num_walks": 20,
      "window": 10,
      "p": 1.0,
      "q": 1.0,
      "auc": 0.7298267505787037,
      "mrr": 0.44243467175980566,
      "hit_at_1": 0.36921296296296297,
      "hit_at_5": 0.5005787037037037,
      "hit_at_10": 0.5682870370370371,
      "positive_mean_cosine": 0.6331857419745238,
      "negative_mean_cosine": 0.4238247366538228,
      "score_margin": 0.209361005320701,
      "positive_score_ref_corr": -0.08988111013117767
    },
    {
      "name": "d32_wl40_nw20_win10_p0.5_q2",
      "dimensions": 32,
      "walk_length": 40,
      "num_walks": 20,
      "window": 10,
      "p": 0.5,
      "q": 2.0,
      "auc": 0.7253523729531036,
      "mrr": 0.4310151671137336,
      "hit_at_1": 0.3605324074074074,
      "hit_at_5": 0.4774305555555556,
      "hit_at_10": 0.5561342592592593,
      "positive_mean_cosine": 0.6378081071350068,
      "negative_mean_cosine": 0.4335150845493492,
      "score_margin": 0.20429302258565762,
      "positive_score_ref_corr": -0.08491593730767208
    }
  ]
}