{
  "input": "data/interim/edge_lanes.list",
  "output_dir": "outputs/node2vec/edge_lanes",
  "seed": 42,
  "test_ratio": 0.2,
  "negative_samples": 50,
  "workers": 1,
  "min_count": 1,
  "weight_transform": "none",
  "graph_stats": {
    "edge_rows": 8642,
    "nodes": 6749,
    "min_lanes": 1.0,
    "max_lanes": 6.0,
    "mean_lanes": 1.7716963665818097,
    "avg_out_degree": 1.2885045474876995,
    "avg_in_degree": 1.2877365519296677,
    "lane_count_1": 4272,
    "lane_count_2": 2600,
    "lane_count_3": 1296,
    "lane_count_4": 423,
    "lane_count_5": 47,
    "lane_count_6": 4
  },
  "train_rows": 6914,
  "test_rows": 1728,
  "configs": [
    {
      "name": "d64_wl20_nw10_win5_p1_q1",
      "dimensions": 64,
      "walk_length": 20,
      "num_walks": 10,
      "window": 5,
      "p": 1.0,
      "q": 1.0,
      "auc": 0.7758182629243827,
      "mrr": 0.4303176529896129,
      "hit_at_1": 0.3454861111111111,
      "hit_at_5": 0.4947916666666667,
      "hit_at_10": 0.6325231481481481,
      "positive_mean_cosine": 0.7195319805242535,
      "negative_mean_cosine": 0.505472439798479,
      "score_margin": 0.2140595407257745,
      "positive_score_lane_corr": -0.21503340274284888
    },
    {
      "name": "d32_wl20_nw10_win5_p1_q1",
      "dimensions": 32,
      "walk_length": 20,
      "num_walks": 10,
      "window": 5,
      "p": 1.0,
      "q": 1.0,
      "auc": 0.7722203601894719,
      "mrr": 0.42314504466875313,
      "hit_at_1": 0.3414351851851852,
      "hit_at_5": 0.47337962962962965,
      "hit_at_10": 0.6140046296296297,
      "positive_mean_cosine": 0.7233192637493765,
      "negative_mean_cosine": 0.5113950825235548,
      "score_margin": 0.21192418122582168,
      "positive_score_lane_corr": -0.20455676738173248
    },
    {
      "name": "d32_wl40_nw10_win5_p1_q1",
      "dimensions": 32,
      "walk_length": 40,
      "num_walks": 10,
      "window": 5,
      "p": 1.0,
      "q": 1.0,
      "auc": 0.7682688453789438,
      "mrr": 0.42019065057937616,
      "hit_at_1": 0.33912037037037035,
      "hit_at_5": 0.47858796296296297,
      "hit_at_10": 0.6064814814814815,
      "positive_mean_cosine": 0.7169447667525943,
      "negative_mean_cosine": 0.5062234347154757,
      "score_margin": 0.21072133203711862,
      "positive_score_lane_corr": -0.22162639784374413
    },
    {
      "name": "d16_wl20_nw10_win5_p1_q1",
      "dimensions": 16,
      "walk_length": 20,
      "num_walks": 10,
      "window": 5,
      "p": 1.0,
      "q": 1.0,
      "auc": 0.7638361826453189,
      "mrr": 0.4058245430409388,
      "hit_at_1": 0.3275462962962963,
      "hit_at_5": 0.4513888888888889,
      "hit_at_10": 0.5908564814814815,
      "positive_mean_cosine": 0.7373738161383059,
      "negative_mean_cosine": 0.5301821774076799,
      "score_margin": 0.20719163873062596,
      "positive_score_lane_corr": -0.194725278158414
    },
    {
      "name": "d16_wl40_nw10_win5_p1_q1",
      "dimensions": 16,
      "walk_length": 40,
      "num_walks": 10,
      "window": 5,
      "p": 1.0,
      "q": 1.0,
      "auc": 0.7595812033822017,
      "mrr": 0.39778847976197906,
      "hit_at_1": 0.3148148148148148,
      "hit_at_5": 0.44328703703703703,
      "hit_at_10": 0.5787037037037037,
      "positive_mean_cosine": 0.7313964636177169,
      "negative_mean_cosine": 0.5261901201033766,
      "score_margin": 0.2052063435143403,
      "positive_score_lane_corr": -0.20927266163065678
    },
    {
      "name": "d32_wl40_nw20_win10_p1_q1",
      "dimensions": 32,
      "walk_length": 40,
      "num_walks": 20,
      "window": 10,
      "p": 1.0,
      "q": 1.0,
      "auc": 0.733694694948131,
      "mrr": 0.44003637342255136,
      "hit_at_1": 0.36574074074074076,
      "hit_at_5": 0.5063657407407407,
      "hit_at_10": 0.5688657407407407,
      "positive_mean_cosine": 0.6467322328912646,
      "negative_mean_cosine": 0.4365245676132488,
      "score_margin": 0.21020766527801577,
      "positive_score_lane_corr": -0.22007027096839576
    },
    {
      "name": "d64_wl40_nw20_win10_p1_q1",
      "dimensions": 64,
      "walk_length": 40,
      "num_walks": 20,
      "window": 10,
      "p": 1.0,
      "q": 1.0,
      "auc": 0.732566651395319,
      "mrr": 0.44067464304000936,
      "hit_at_1": 0.36516203703703703,
      "hit_at_5": 0.5011574074074074,
      "hit_at_10": 0.578125,
      "positive_mean_cosine": 0.6353396737853203,
      "negative_mean_cosine": 0.42541780641479243,
      "score_margin": 0.20992186737052787,
      "positive_score_lane_corr": -0.21992553445431157
    },
    {
      "name": "d32_wl40_nw20_win10_p2_q0.5",
      "dimensions": 32,
      "walk_length": 40,
      "num_walks": 20,
      "window": 10,
      "p": 2.0,
      "q": 0.5,
      "auc": 0.7295663272140775,
      "mrr": 0.4318177303889987,
      "hit_at_1": 0.3605324074074074,
      "hit_at_5": 0.47800925925925924,
      "hit_at_10": 0.5601851851851852,
      "positive_mean_cosine": 0.6431737419786967,
      "negative_mean_cosine": 0.4343390662608565,
      "score_margin": 0.2088346757178402,
      "positive_score_lane_corr": -0.22579404772914985
    },
    {
      "name": "d32_wl40_nw20_win10_p0.5_q2",
      "dimensions": 32,
      "walk_length": 40,
      "num_walks": 20,
      "window": 10,
      "p": 0.5,
      "q": 2.0,
      "auc": 0.7261533149541324,
      "mrr": 0.43157684969602594,
      "hit_at_1": 0.3616898148148148,
      "hit_at_5": 0.4855324074074074,
      "hit_at_10": 0.5572916666666666,
      "positive_mean_cosine": 0.638800126806557,
      "negative_mean_cosine": 0.4347619665206919,
      "score_margin": 0.20403816028586508,
      "positive_score_lane_corr": -0.22734682148453933
    }
  ]
}