{
  "selection_metric_priority": [
    "auc",
    "mrr",
    "hit_at_10",
    "score_margin"
  ],
  "weight_transform": "none",
  "best_result": {
    "name": "d64_wl20_nw10_win5_p1_q1",
    "dimensions": 64,
    "walk_length": 20,
    "num_walks": 10,
    "window": 5,
    "p": 1.0,
    "q": 1.0,
    "auc": 0.7803327948173868,
    "mrr": 0.4272116338849567,
    "hit_at_1": 0.33912037037037035,
    "hit_at_5": 0.4895833333333333,
    "hit_at_10": 0.6197916666666666,
    "positive_mean_cosine": 0.7218342355896581,
    "negative_mean_cosine": 0.5071009074056875,
    "score_margin": 0.21473332818397062,
    "positive_score_length_corr": -0.004558778772574909
  },
  "graph_stats": {
    "edge_rows": 8642,
    "nodes": 6749,
    "min_length": 0.3780632850253957,
    "max_length": 328.4754122779988,
    "mean_length": 15.76769240084717,
    "median_length": 8.485789140348144,
    "p95_length": 54.03123126680526,
    "p99_length": 100.30510030409869,
    "avg_out_degree": 1.2885045474876995,
    "avg_in_degree": 1.2877365519296677
  },
  "train_rows": 6914,
  "test_rows": 1728
}