{
  "input": "data/interim/edge_length.list",
  "output_dir": "outputs/node2vec/edge_length",
  "seed": 42,
  "test_ratio": 0.2,
  "negative_samples": 50,
  "workers": 1,
  "min_count": 1,
  "weight_transform": "none",
  "graph_stats": {
    "edge_rows": 8642,
    "nodes": 6749,
    "min_length": 0.3780632850253957,
    "max_length": 328.4754122779988,
    "mean_length": 15.76769240084717,
    "median_length": 8.485789140348144,
    "p95_length": 54.03123126680526,
    "p99_length": 100.30510030409869,
    "avg_out_degree": 1.2885045474876995,
    "avg_in_degree": 1.2877365519296677
  },
  "train_rows": 6914,
  "test_rows": 1728,
  "configs": [
    {
      "name": "d64_wl20_nw10_win5_p1_q1",
      "dimensions": 64,
      "walk_length": 20,
      "num_walks": 10,
      "window": 5,
      "p": 1.0,
      "q": 1.0,
      "auc": 0.7803327948173868,
      "mrr": 0.4272116338849567,
      "hit_at_1": 0.33912037037037035,
      "hit_at_5": 0.4895833333333333,
      "hit_at_10": 0.6197916666666666,
      "positive_mean_cosine": 0.7218342355896581,
      "negative_mean_cosine": 0.5071009074056875,
      "score_margin": 0.21473332818397062,
      "positive_score_length_corr": -0.004558778772574909
    },
    {
      "name": "d32_wl20_nw10_win5_p1_q1",
      "dimensions": 32,
      "walk_length": 20,
      "num_walks": 10,
      "window": 5,
      "p": 1.0,
      "q": 1.0,
      "auc": 0.7768520326967593,
      "mrr": 0.4241709867188177,
      "hit_at_1": 0.33912037037037035,
      "hit_at_5": 0.4878472222222222,
      "hit_at_10": 0.6099537037037037,
      "positive_mean_cosine": 0.7257614192440761,
      "negative_mean_cosine": 0.5130882327435581,
      "score_margin": 0.21267318650051803,
      "positive_score_length_corr": -0.0030814064436962474
    },
    {
      "name": "d32_wl40_nw10_win5_p1_q1",
      "dimensions": 32,
      "walk_length": 40,
      "num_walks": 10,
      "window": 5,
      "p": 1.0,
      "q": 1.0,
      "auc": 0.7714394785772463,
      "mrr": 0.419397720406054,
      "hit_at_1": 0.33564814814814814,
      "hit_at_5": 0.4820601851851852,
      "hit_at_10": 0.6145833333333334,
      "positive_mean_cosine": 0.7168827930042796,
      "negative_mean_cosine": 0.5051687156116047,
      "score_margin": 0.2117140773926749,
      "positive_score_length_corr": -0.0009256308287855669
    },
    {
      "name": "d16_wl20_nw10_win5_p1_q1",
      "dimensions": 16,
      "walk_length": 20,
      "num_walks": 10,
      "window": 5,
      "p": 1.0,
      "q": 1.0,
      "auc": 0.7626224654921124,
      "mrr": 0.40527506117531237,
      "hit_at_1": 0.3263888888888889,
      "hit_at_5": 0.45717592592592593,
      "hit_at_10": 0.5839120370370371,
      "positive_mean_cosine": 0.7358053234207479,
      "negative_mean_cosine": 0.531579159272908,
      "score_margin": 0.2042261641478399,
      "positive_score_length_corr": -0.012156240724152176
    },
    {
      "name": "d16_wl40_nw10_win5_p1_q1",
      "dimensions": 16,
      "walk_length": 40,
      "num_walks": 10,
      "window": 5,
      "p": 1.0,
      "q": 1.0,
      "auc": 0.7564989631558642,
      "mrr": 0.4067761112796435,
      "hit_at_1": 0.3304398148148148,
      "hit_at_5": 0.44328703703703703,
      "hit_at_10": 0.578125,
      "positive_mean_cosine": 0.7277642502794387,
      "negative_mean_cosine": 0.526004626674403,
      "score_margin": 0.20175962360503574,
      "positive_score_length_corr": -0.003763072835306261
    },
    {
      "name": "d64_wl40_nw20_win10_p1_q1",
      "dimensions": 64,
      "walk_length": 40,
      "num_walks": 20,
      "window": 10,
      "p": 1.0,
      "q": 1.0,
      "auc": 0.7371746131258573,
      "mrr": 0.4389828781110723,
      "hit_at_1": 0.36342592592592593,
      "hit_at_5": 0.4994212962962963,
      "hit_at_10": 0.5810185185185185,
      "positive_mean_cosine": 0.6349439079640433,
      "negative_mean_cosine": 0.4248344380488938,
      "score_margin": 0.2101094699151495,
      "positive_score_length_corr": -0.0177353322913287
    },
    {
      "name": "d32_wl40_nw20_win10_p0.5_q2",
      "dimensions": 32,
      "walk_length": 40,
      "num_walks": 20,
      "window": 10,
      "p": 0.5,
      "q": 2.0,
      "auc": 0.7324423238704562,
      "mrr": 0.4347482684893746,
      "hit_at_1": 0.3628472222222222,
      "hit_at_5": 0.48726851851851855,
      "hit_at_10": 0.5665509259259259,
      "positive_mean_cosine": 0.6400248987548467,
      "negative_mean_cosine": 0.4346870092237454,
      "score_margin": 0.20533788953110127,
      "positive_score_length_corr": -0.010883535779773829
    },
    {
      "name": "d32_wl40_nw20_win10_p2_q0.5",
      "dimensions": 32,
      "walk_length": 40,
      "num_walks": 20,
      "window": 10,
      "p": 2.0,
      "q": 0.5,
      "auc": 0.7267509738833162,
      "mrr": 0.43186916272845766,
      "hit_at_1": 0.35648148148148145,
      "hit_at_5": 0.49537037037037035,
      "hit_at_10": 0.5572916666666666,
      "positive_mean_cosine": 0.6436724107652144,
      "negative_mean_cosine": 0.435552084353608,
      "score_margin": 0.20812032641160644,
      "positive_score_length_corr": 0.0004899567733710732
    },
    {
      "name": "d32_wl40_nw20_win10_p1_q1",
      "dimensions": 32,
      "walk_length": 40,
      "num_walks": 20,
      "window": 10,
      "p": 1.0,
      "q": 1.0,
      "auc": 0.7236675749099795,
      "mrr": 0.4369862467372389,
      "hit_at_1": 0.36516203703703703,
      "hit_at_5": 0.49074074074074076,
      "hit_at_10": 0.5671296296296297,
      "positive_mean_cosine": 0.6401145079828523,
      "negative_mean_cosine": 0.4353483766702185,
      "score_margin": 0.20476613131263383,
      "positive_score_length_corr": -0.016162373794316332
    }
  ]
}